Workbook

Sheet Sales Data
A1: Week 1 Practice — Retail Sales Data
A2: Small sales dataset for SUM, AVERAGE, COUNT, MAX, MIN practice
A4: Date | B4: Product | C4: Category | D4: Region | E4: Units Sold | F4: Unit Price ($) | G4: Revenue ($)
A5: 2026-07-01 | B5: Wireless Mouse | C5: Electronics | D5: North | E5: 12 | F5: 15 | G5: =E5*F5 -> 180
A6: 2026-07-01 | B6: Office Chair | C6: Furniture | D6: South | E6: 3 | F6: 89 | G6: =E6*F6 -> 267
A7: 2026-07-02 | B7: USB-C Cable | C7: Electronics | D7: North | E7: 25 | F7: 8.5 | G7: =E7*F7 -> 212.5
A8: 2026-07-02 | B8: Desk Lamp | C8: Furniture | D8: East | E8: 7 | F8: 22 | G8: =E8*F8 -> 154
A9: 2026-07-03 | B9: Notebook Pack | C9: Stationery | D9: West | E9: 40 | F9: 3.25 | G9: =E9*F9 -> 130
A10: 2026-07-03 | B10: Wireless Mouse | C10: Electronics | D10: South | E10: 9 | F10: 15 | G10: =E10*F10 -> 135
A11: 2026-07-04 | B11: Monitor Stand | C11: Furniture | D11: North | E11: 5 | F11: 34.5 | G11: =E11*F11 -> 172.5
A12: 2026-07-04 | B12: Ballpoint Pens | C12: Stationery | D12: East | E12: 60 | F12: 1.2 | G12: =E12*F12 -> 72
A13: 2026-07-05 | B13: Bluetooth Speaker | C13: Electronics | D13: West | E13: 14 | F13: 42 | G13: =E13*F13 -> 588
A14: 2026-07-05 | B14: Office Chair | C14: Furniture | D14: North | E14: 2 | F14: 89 | G14: =E14*F14 -> 178
A15: 2026-07-06 | B15: Notebook Pack | C15: Stationery | D15: South | E15: 35 | F15: 3.25 | G15: =E15*F15 -> 113.75
A16: 2026-07-06 | B16: USB-C Cable | C16: Electronics | D16: East | E16: 18 | F16: 8.5 | G16: =E16*F16 -> 153
... A29: 2026-07-13 | B29: Bluetooth Speaker | C29: Electronics | D29: East | E29: 8 | F29: 42 | G29: =E29*F29 -> 336
A30: Total Revenue | B30: =SUM(G5:G29) -> 5206.25 | C30: Highest Revenue | D30: =MAX(G5:G29) -> 588 | E30: Total Units sold | F30: =SUM(E5:E29) -> 495
A31: Average Unit sold | B31: =AVERAGE(E5:E29) -> 19.8 | C31: Lowest Unit price | D31: =MIN(F5:F29) -> 1.2 | E31: Highest Unit sold | F31: =MAX(E5:E29) -> 75
A32: Total Transaction Rows | B32: =COUNT(E5:E29) -> 25 | C32: Average Unit Price | D32: =AVERAGE(F5:F29) -> 26.454
A34: Data runs from row 5 to row 29. Revenue = Units Sold x Unit Price (already calculated for you).

Sheet Practice — Week 1
A1: Week 1 Practice — SUM, AVERAGE, COUNT, MAX, MIN
A2: Go to the 'Sales Data' tab to see the dataset. Type your formula in the yellow cell for each question.
A4: Q1 | B4: What is the TOTAL revenue from all sales? | F4: =SUM('Sales Data'!G5:G29) -> 5206.25
A7: Q2 | B7: What is the AVERAGE number of Units Sold per transaction? | F7: =AVERAGE('Sales Data'!E5:E29) -> 19.8
A10: Q3 | B10: How many total transactions (rows) are in this dataset? | F10: =COUNT('Sales Data'!G5:G29) -> 25
A13: Q4 | B13: What is the HIGHEST single Revenue value in the dataset? | F13: =MAX('Sales Data'!G5:G29) -> 588
A16: Q5 | B16: What is the LOWEST Unit Price in the dataset? | F16: =MIN('Sales Data'!F5:F29) -> 1.2
A19: Q6 | B19: What is the AVERAGE Unit Price across all products? | F19: =AVERAGE('Sales Data'!F5:F29) -> 26.454
A22: Q7 | B22: What is the TOTAL number of Units Sold across all transactions? | F22: =SUM('Sales Data'!E5:E29) -> 495
A25: Q8 | B25: What is the HIGHEST number of Units Sold in a single transaction? | F25: =MAX('Sales Data'!E5:E29) -> 75
A29: Type your formula directly into the yellow cell next to each question (e.g. =SUM('Sales Data'!G5:G29)).
A30: Check your work against the 'Answer Key' tab once you've tried all 8 on your own.

Sheet Answer Key
A1: Answer Key — do not peek until you've tried
A3: Question | B3: Correct Formula | C3: Result
A4: Q1 | B4: =SUM('Sales Data'!G5:G29) -> 5206.25 | C4: =SUM('Sales Data'!G5:G29) -> 5206.25
A5: Q2 | B5: =AVERAGE('Sales Data'!E5:E29) -> 19.8 | C5: =AVERAGE('Sales Data'!E5:E29) -> 19.8
A6: Q3 | B6: =COUNT('Sales Data'!E5:E29) -> 25 | C6: =COUNT('Sales Data'!E5:E29) -> 25
A7: Q4 | B7: =MAX('Sales Data'!G5:G29) -> 588 | C7: =MAX('Sales Data'!G5:G29) -> 588
A8: Q5 | B8: =MIN('Sales Data'!F5:F29) -> 1.2 | C8: =MIN('Sales Data'!F5:F29) -> 1.2
A9: Q6 | B9: =AVERAGE('Sales Data'!F5:F29) -> 26.454 | C9: =AVERAGE('Sales Data'!F5:F29) -> 26.454
A10: Q7 | B10: =SUM('Sales Data'!E5:E29) -> 495 | C10: =SUM('Sales Data'!E5:E29) -> 495
A11: Q8 | B11: =MAX('Sales Data'!E5:E29) -> 75 | C11: =MAX('Sales Data'!E5:E29) -> 75
